 <TRX channel="1">
	<summary>Suboptimal performance achieved</summary>
	<maxAdcModulation>
		<utcDate>01-15:58:19.691</utcDate>
		<adcModulationPercent>100</adcModulationPercent>
		<numScan>4</numScan>
		<numExp>0</numExp>
	</maxAdcModulation>
	<minAdcModulation>
		<utcDate>01-16:00:45.765</utcDate>
		<adcModulationPercent>46</adcModulationPercent>
		<numScan>32</numScan>
		<numExp>0</numExp>
	</minAdcModulation>
	<adcOverflow>
		<utcDate>01-15:58:19.691</utcDate>
		<adcModulationPercent>100</adcModulationPercent>
		<numScan>4</numScan>
		<numExp>0</numExp>
		<utcDate>01-15:58:24.908</utcDate>
		<adcModulationPercent>100</adcModulationPercent>
		<numScan>5</numScan>
		<numExp>0</numExp>
		<utcDate>01-15:58:30.125</utcDate>
		<adcModulationPercent>100</adcModulationPercent>
		<numScan>6</numScan>
		<numExp>0</numExp>
		<utcDate>01-15:58:35.342</utcDate>
		<adcModulationPercent>100</adcModulationPercent>
		<numScan>7</numScan>
		<numExp>0</numExp>
		<utcDate>01-15:58:40.559</utcDate>
		<adcModulationPercent>100</adcModulationPercent>
		<numScan>8</numScan>
		<numExp>0</numExp>
		<utcDate>01-15:59:43.162</utcDate>
		<adcModulationPercent>100</adcModulationPercent>
		<numScan>20</numScan>
		<numExp>0</numExp>
		<utcDate>01-15:59:48.379</utcDate>
		<adcModulationPercent>100</adcModulationPercent>
		<numScan>21</numScan>
		<numExp>0</numExp>
		<utcDate>01-15:59:53.595</utcDate>
		<adcModulationPercent>100</adcModulationPercent>
		<numScan>22</numScan>
		<numExp>0</numExp>
		<utcDate>01-15:59:58.813</utcDate>
		<adcModulationPercent>100</adcModulationPercent>
		<numScan>23</numScan>
		<numExp>0</numExp>
		<utcDate>01-16:00:04.029</utcDate>
		<adcModulationPercent>100</adcModulationPercent>
		<numScan>24</numScan>
		<numExp>0</numExp>
		<utcDate>01-16:01:06.633</utcDate>
		<adcModulationPercent>100</adcModulationPercent>
		<numScan>36</numScan>
		<numExp>0</numExp>
		<utcDate>01-16:01:11.849</utcDate>
		<adcModulationPercent>100</adcModulationPercent>
		<numScan>37</numScan>
		<numExp>0</numExp>
		<utcDate>01-16:01:17.066</utcDate>
		<adcModulationPercent>100</adcModulationPercent>
		<numScan>38</numScan>
		<numExp>0</numExp>
		<utcDate>01-16:01:22.283</utcDate>
		<adcModulationPercent>100</adcModulationPercent>
		<numScan>39</numScan>
		<numExp>0</numExp>
		<utcDate>01-16:01:27.500</utcDate>
		<adcModulationPercent>100</adcModulationPercent>
		<numScan>40</numScan>
		<numExp>0</numExp>
		<utcDate>01-16:02:30.103</utcDate>
		<adcModulationPercent>100</adcModulationPercent>
		<numScan>52</numScan>
		<numExp>0</numExp>
		<utcDate>01-16:02:35.320</utcDate>
		<adcModulationPercent>100</adcModulationPercent>
		<numScan>53</numScan>
		<numExp>0</numExp>
		<utcDate>01-16:02:40.537</utcDate>
		<adcModulationPercent>100</adcModulationPercent>
		<numScan>54</numScan>
		<numExp>0</numExp>
		<utcDate>01-16:02:45.754</utcDate>
		<adcModulationPercent>100</adcModulationPercent>
		<numScan>55</numScan>
		<numExp>0</numExp>
		<utcDate>01-16:02:50.971</utcDate>
		<adcModulationPercent>100</adcModulationPercent>
		<numScan>56</numScan>
		<numExp>0</numExp>
		<utcDate>01-16:03:53.574</utcDate>
		<adcModulationPercent>100</adcModulationPercent>
		<numScan>68</numScan>
		<numExp>0</numExp>
		<utcDate>01-16:03:58.791</utcDate>
		<adcModulationPercent>100</adcModulationPercent>
		<numScan>69</numScan>
		<numExp>0</numExp>
		<utcDate>01-16:04:04.008</utcDate>
		<adcModulationPercent>100</adcModulationPercent>
		<numScan>70</numScan>
		<numExp>0</numExp>
		<utcDate>01-16:04:09.225</utcDate>
		<adcModulationPercent>100</adcModulationPercent>
		<numScan>71</numScan>
		<numExp>0</numExp>
		<utcDate>01-16:04:14.442</utcDate>
		<adcModulationPercent>100</adcModulationPercent>
		<numScan>72</numScan>
		<numExp>0</numExp>
		<utcDate>01-16:05:17.045</utcDate>
		<adcModulationPercent>100</adcModulationPercent>
		<numScan>84</numScan>
		<numExp>0</numExp>
		<utcDate>01-16:05:22.262</utcDate>
		<adcModulationPercent>100</adcModulationPercent>
		<numScan>85</numScan>
		<numExp>0</numExp>
		<utcDate>01-16:05:27.479</utcDate>
		<adcModulationPercent>100</adcModulationPercent>
		<numScan>86</numScan>
		<numExp>0</numExp>
		<utcDate>01-16:05:32.695</utcDate>
		<adcModulationPercent>100</adcModulationPercent>
		<numScan>87</numScan>
		<numExp>0</numExp>
		<utcDate>01-16:05:37.913</utcDate>
		<adcModulationPercent>100</adcModulationPercent>
		<numScan>88</numScan>
		<numExp>0</numExp>
		<utcDate>01-16:06:40.515</utcDate>
		<adcModulationPercent>100</adcModulationPercent>
		<numScan>100</numScan>
		<numExp>0</numExp>
		<utcDate>01-16:06:45.733</utcDate>
		<adcModulationPercent>100</adcModulationPercent>
		<numScan>101</numScan>
		<numExp>0</numExp>
		<utcDate>01-16:06:50.949</utcDate>
		<adcModulationPercent>100</adcModulationPercent>
		<numScan>102</numScan>
		<numExp>0</numExp>
		<utcDate>01-16:06:56.166</utcDate>
		<adcModulationPercent>100</adcModulationPercent>
		<numScan>103</numScan>
		<numExp>0</numExp>
		<utcDate>01-16:07:01.383</utcDate>
		<adcModulationPercent>100</adcModulationPercent>
		<numScan>104</numScan>
		<numExp>0</numExp>
		<utcDate>01-16:08:03.987</utcDate>
		<adcModulationPercent>100</adcModulationPercent>
		<numScan>116</numScan>
		<numExp>0</numExp>
		<utcDate>01-16:08:09.203</utcDate>
		<adcModulationPercent>100</adcModulationPercent>
		<numScan>117</numScan>
		<numExp>0</numExp>
		<utcDate>01-16:08:14.420</utcDate>
		<adcModulationPercent>100</adcModulationPercent>
		<numScan>118</numScan>
		<numExp>0</numExp>
		<utcDate>01-16:08:19.637</utcDate>
		<adcModulationPercent>100</adcModulationPercent>
		<numScan>119</numScan>
		<numExp>0</numExp>
		<utcDate>01-16:08:24.854</utcDate>
		<adcModulationPercent>100</adcModulationPercent>
		<numScan>120</numScan>
		<numExp>0</numExp>
	</adcOverflow>
</TRX>

