 <TRX channel="1">
	<summary>Suboptimal performance achieved</summary>
	<maxAdcModulation>
		<utcDate>30-10:53:14.954</utcDate>
		<adcModulationPercent>100</adcModulationPercent>
		<numScan>2</numScan>
		<numExp>0</numExp>
	</maxAdcModulation>
	<minAdcModulation>
		<utcDate>30-10:54:33.208</utcDate>
		<adcModulationPercent>87</adcModulationPercent>
		<numScan>17</numScan>
		<numExp>0</numExp>
	</minAdcModulation>
	<adcOverflow>
		<utcDate>30-10:53:14.954</utcDate>
		<adcModulationPercent>100</adcModulationPercent>
		<numScan>2</numScan>
		<numExp>0</numExp>
		<utcDate>30-10:53:20.171</utcDate>
		<adcModulationPercent>100</adcModulationPercent>
		<numScan>3</numScan>
		<numExp>0</numExp>
		<utcDate>30-10:53:25.388</utcDate>
		<adcModulationPercent>100</adcModulationPercent>
		<numScan>4</numScan>
		<numExp>0</numExp>
		<utcDate>30-10:53:30.605</utcDate>
		<adcModulationPercent>100</adcModulationPercent>
		<numScan>5</numScan>
		<numExp>0</numExp>
		<utcDate>30-10:53:35.822</utcDate>
		<adcModulationPercent>100</adcModulationPercent>
		<numScan>6</numScan>
		<numExp>0</numExp>
		<utcDate>30-10:53:41.038</utcDate>
		<adcModulationPercent>100</adcModulationPercent>
		<numScan>7</numScan>
		<numExp>0</numExp>
		<utcDate>30-10:53:46.255</utcDate>
		<adcModulationPercent>100</adcModulationPercent>
		<numScan>8</numScan>
		<numExp>0</numExp>
		<utcDate>30-10:53:51.472</utcDate>
		<adcModulationPercent>100</adcModulationPercent>
		<numScan>9</numScan>
		<numExp>0</numExp>
		<utcDate>30-10:53:56.689</utcDate>
		<adcModulationPercent>100</adcModulationPercent>
		<numScan>10</numScan>
		<numExp>0</numExp>
		<utcDate>30-10:54:01.906</utcDate>
		<adcModulationPercent>100</adcModulationPercent>
		<numScan>11</numScan>
		<numExp>0</numExp>
		<utcDate>30-10:54:07.123</utcDate>
		<adcModulationPercent>100</adcModulationPercent>
		<numScan>12</numScan>
		<numExp>0</numExp>
		<utcDate>30-10:54:12.340</utcDate>
		<adcModulationPercent>100</adcModulationPercent>
		<numScan>13</numScan>
		<numExp>0</numExp>
		<utcDate>30-10:54:17.557</utcDate>
		<adcModulationPercent>100</adcModulationPercent>
		<numScan>14</numScan>
		<numExp>0</numExp>
		<utcDate>30-10:54:22.774</utcDate>
		<adcModulationPercent>100</adcModulationPercent>
		<numScan>15</numScan>
		<numExp>0</numExp>
		<utcDate>30-10:54:27.991</utcDate>
		<adcModulationPercent>100</adcModulationPercent>
		<numScan>16</numScan>
		<numExp>0</numExp>
		<utcDate>30-10:54:38.425</utcDate>
		<adcModulationPercent>100</adcModulationPercent>
		<numScan>18</numScan>
		<numExp>0</numExp>
		<utcDate>30-10:54:43.642</utcDate>
		<adcModulationPercent>100</adcModulationPercent>
		<numScan>19</numScan>
		<numExp>0</numExp>
		<utcDate>30-10:54:48.859</utcDate>
		<adcModulationPercent>100</adcModulationPercent>
		<numScan>20</numScan>
		<numExp>0</numExp>
		<utcDate>30-10:54:54.075</utcDate>
		<adcModulationPercent>100</adcModulationPercent>
		<numScan>21</numScan>
		<numExp>0</numExp>
		<utcDate>30-10:54:59.292</utcDate>
		<adcModulationPercent>100</adcModulationPercent>
		<numScan>22</numScan>
		<numExp>0</numExp>
		<utcDate>30-10:55:04.509</utcDate>
		<adcModulationPercent>100</adcModulationPercent>
		<numScan>23</numScan>
		<numExp>0</numExp>
		<utcDate>30-10:55:09.726</utcDate>
		<adcModulationPercent>100</adcModulationPercent>
		<numScan>24</numScan>
		<numExp>0</numExp>
		<utcDate>30-10:55:14.943</utcDate>
		<adcModulationPercent>100</adcModulationPercent>
		<numScan>25</numScan>
		<numExp>0</numExp>
		<utcDate>30-10:55:20.160</utcDate>
		<adcModulationPercent>100</adcModulationPercent>
		<numScan>26</numScan>
		<numExp>0</numExp>
		<utcDate>30-10:55:25.377</utcDate>
		<adcModulationPercent>100</adcModulationPercent>
		<numScan>27</numScan>
		<numExp>0</numExp>
		<utcDate>30-10:55:30.594</utcDate>
		<adcModulationPercent>100</adcModulationPercent>
		<numScan>28</numScan>
		<numExp>0</numExp>
		<utcDate>30-10:55:35.811</utcDate>
		<adcModulationPercent>100</adcModulationPercent>
		<numScan>29</numScan>
		<numExp>0</numExp>
		<utcDate>30-10:55:41.027</utcDate>
		<adcModulationPercent>100</adcModulationPercent>
		<numScan>30</numScan>
		<numExp>0</numExp>
		<utcDate>30-10:55:46.245</utcDate>
		<adcModulationPercent>100</adcModulationPercent>
		<numScan>31</numScan>
		<numExp>0</numExp>
		<utcDate>30-10:55:51.461</utcDate>
		<adcModulationPercent>100</adcModulationPercent>
		<numScan>32</numScan>
		<numExp>0</numExp>
		<utcDate>30-10:55:56.679</utcDate>
		<adcModulationPercent>100</adcModulationPercent>
		<numScan>33</numScan>
		<numExp>0</numExp>
		<utcDate>30-10:56:01.895</utcDate>
		<adcModulationPercent>100</adcModulationPercent>
		<numScan>34</numScan>
		<numExp>0</numExp>
		<utcDate>30-10:56:07.112</utcDate>
		<adcModulationPercent>100</adcModulationPercent>
		<numScan>35</numScan>
		<numExp>0</numExp>
		<utcDate>30-10:56:12.329</utcDate>
		<adcModulationPercent>100</adcModulationPercent>
		<numScan>36</numScan>
		<numExp>0</numExp>
		<utcDate>30-10:56:17.546</utcDate>
		<adcModulationPercent>100</adcModulationPercent>
		<numScan>37</numScan>
		<numExp>0</numExp>
		<utcDate>30-10:56:22.763</utcDate>
		<adcModulationPercent>100</adcModulationPercent>
		<numScan>38</numScan>
		<numExp>0</numExp>
		<utcDate>30-10:56:27.980</utcDate>
		<adcModulationPercent>100</adcModulationPercent>
		<numScan>39</numScan>
		<numExp>0</numExp>
		<utcDate>30-10:56:33.197</utcDate>
		<adcModulationPercent>100</adcModulationPercent>
		<numScan>40</numScan>
		<numExp>0</numExp>
		<utcDate>30-10:56:38.414</utcDate>
		<adcModulationPercent>100</adcModulationPercent>
		<numScan>41</numScan>
		<numExp>0</numExp>
		<utcDate>30-10:56:43.631</utcDate>
		<adcModulationPercent>100</adcModulationPercent>
		<numScan>42</numScan>
		<numExp>0</numExp>
		<utcDate>30-10:56:48.848</utcDate>
		<adcModulationPercent>100</adcModulationPercent>
		<numScan>43</numScan>
		<numExp>0</numExp>
		<utcDate>30-10:56:54.065</utcDate>
		<adcModulationPercent>100</adcModulationPercent>
		<numScan>44</numScan>
		<numExp>0</numExp>
		<utcDate>30-10:56:59.282</utcDate>
		<adcModulationPercent>100</adcModulationPercent>
		<numScan>45</numScan>
		<numExp>0</numExp>
		<utcDate>30-10:57:04.499</utcDate>
		<adcModulationPercent>100</adcModulationPercent>
		<numScan>46</numScan>
		<numExp>0</numExp>
		<utcDate>30-10:57:09.715</utcDate>
		<adcModulationPercent>100</adcModulationPercent>
		<numScan>47</numScan>
		<numExp>0</numExp>
		<utcDate>30-10:57:14.932</utcDate>
		<adcModulationPercent>100</adcModulationPercent>
		<numScan>48</numScan>
		<numExp>0</numExp>
		<utcDate>30-10:57:20.150</utcDate>
		<adcModulationPercent>100</adcModulationPercent>
		<numScan>49</numScan>
		<numExp>0</numExp>
		<utcDate>30-10:57:25.366</utcDate>
		<adcModulationPercent>100</adcModulationPercent>
		<numScan>50</numScan>
		<numExp>0</numExp>
		<utcDate>30-10:57:30.583</utcDate>
		<adcModulationPercent>100</adcModulationPercent>
		<numScan>51</numScan>
		<numExp>0</numExp>
		<utcDate>30-10:57:35.800</utcDate>
		<adcModulationPercent>100</adcModulationPercent>
		<numScan>52</numScan>
		<numExp>0</numExp>
		<utcDate>30-10:57:41.017</utcDate>
		<adcModulationPercent>100</adcModulationPercent>
		<numScan>53</numScan>
		<numExp>0</numExp>
		<utcDate>30-10:57:46.234</utcDate>
		<adcModulationPercent>100</adcModulationPercent>
		<numScan>54</numScan>
		<numExp>0</numExp>
		<utcDate>30-10:57:51.451</utcDate>
		<adcModulationPercent>100</adcModulationPercent>
		<numScan>55</numScan>
		<numExp>0</numExp>
		<utcDate>30-10:57:56.668</utcDate>
		<adcModulationPercent>100</adcModulationPercent>
		<numScan>56</numScan>
		<numExp>0</numExp>
		<utcDate>30-10:58:01.885</utcDate>
		<adcModulationPercent>100</adcModulationPercent>
		<numScan>57</numScan>
		<numExp>0</numExp>
		<utcDate>30-10:58:07.101</utcDate>
		<adcModulationPercent>100</adcModulationPercent>
		<numScan>58</numScan>
		<numExp>0</numExp>
		<utcDate>30-10:58:12.319</utcDate>
		<adcModulationPercent>100</adcModulationPercent>
		<numScan>59</numScan>
		<numExp>0</numExp>
		<utcDate>30-10:58:17.535</utcDate>
		<adcModulationPercent>100</adcModulationPercent>
		<numScan>60</numScan>
		<numExp>0</numExp>
		<utcDate>30-10:58:22.752</utcDate>
		<adcModulationPercent>100</adcModulationPercent>
		<numScan>61</numScan>
		<numExp>0</numExp>
		<utcDate>30-10:58:27.969</utcDate>
		<adcModulationPercent>100</adcModulationPercent>
		<numScan>62</numScan>
		<numExp>0</numExp>
		<utcDate>30-10:58:33.186</utcDate>
		<adcModulationPercent>100</adcModulationPercent>
		<numScan>63</numScan>
		<numExp>0</numExp>
		<utcDate>30-10:58:38.403</utcDate>
		<adcModulationPercent>100</adcModulationPercent>
		<numScan>64</numScan>
		<numExp>0</numExp>
		<utcDate>30-10:58:43.620</utcDate>
		<adcModulationPercent>100</adcModulationPercent>
		<numScan>65</numScan>
		<numExp>0</numExp>
		<utcDate>30-10:58:48.837</utcDate>
		<adcModulationPercent>100</adcModulationPercent>
		<numScan>66</numScan>
		<numExp>0</numExp>
		<utcDate>30-10:58:54.054</utcDate>
		<adcModulationPercent>100</adcModulationPercent>
		<numScan>67</numScan>
		<numExp>0</numExp>
		<utcDate>30-10:58:59.271</utcDate>
		<adcModulationPercent>100</adcModulationPercent>
		<numScan>68</numScan>
		<numExp>0</numExp>
		<utcDate>30-10:59:04.488</utcDate>
		<adcModulationPercent>100</adcModulationPercent>
		<numScan>69</numScan>
		<numExp>0</numExp>
		<utcDate>30-10:59:09.705</utcDate>
		<adcModulationPercent>100</adcModulationPercent>
		<numScan>70</numScan>
		<numExp>0</numExp>
		<utcDate>30-10:59:14.921</utcDate>
		<adcModulationPercent>100</adcModulationPercent>
		<numScan>71</numScan>
		<numExp>0</numExp>
		<utcDate>30-10:59:20.138</utcDate>
		<adcModulationPercent>100</adcModulationPercent>
		<numScan>72</numScan>
		<numExp>0</numExp>
		<utcDate>30-10:59:25.355</utcDate>
		<adcModulationPercent>100</adcModulationPercent>
		<numScan>73</numScan>
		<numExp>0</numExp>
		<utcDate>30-10:59:30.573</utcDate>
		<adcModulationPercent>100</adcModulationPercent>
		<numScan>74</numScan>
		<numExp>0</numExp>
		<utcDate>30-10:59:35.789</utcDate>
		<adcModulationPercent>100</adcModulationPercent>
		<numScan>75</numScan>
		<numExp>0</numExp>
		<utcDate>30-10:59:41.006</utcDate>
		<adcModulationPercent>100</adcModulationPercent>
		<numScan>76</numScan>
		<numExp>0</numExp>
		<utcDate>30-10:59:46.223</utcDate>
		<adcModulationPercent>100</adcModulationPercent>
		<numScan>77</numScan>
		<numExp>0</numExp>
		<utcDate>30-10:59:51.440</utcDate>
		<adcModulationPercent>100</adcModulationPercent>
		<numScan>78</numScan>
		<numExp>0</numExp>
		<utcDate>30-10:59:56.657</utcDate>
		<adcModulationPercent>100</adcModulationPercent>
		<numScan>79</numScan>
		<numExp>0</numExp>
		<utcDate>30-11:00:01.874</utcDate>
		<adcModulationPercent>100</adcModulationPercent>
		<numScan>80</numScan>
		<numExp>0</numExp>
		<utcDate>30-11:00:07.091</utcDate>
		<adcModulationPercent>100</adcModulationPercent>
		<numScan>81</numScan>
		<numExp>0</numExp>
		<utcDate>30-11:00:12.308</utcDate>
		<adcModulationPercent>100</adcModulationPercent>
		<numScan>82</numScan>
		<numExp>0</numExp>
		<utcDate>30-11:00:17.524</utcDate>
		<adcModulationPercent>100</adcModulationPercent>
		<numScan>83</numScan>
		<numExp>0</numExp>
		<utcDate>30-11:00:22.741</utcDate>
		<adcModulationPercent>100</adcModulationPercent>
		<numScan>84</numScan>
		<numExp>0</numExp>
		<utcDate>30-11:00:27.958</utcDate>
		<adcModulationPercent>100</adcModulationPercent>
		<numScan>85</numScan>
		<numExp>0</numExp>
		<utcDate>30-11:00:33.175</utcDate>
		<adcModulationPercent>100</adcModulationPercent>
		<numScan>86</numScan>
		<numExp>0</numExp>
		<utcDate>30-11:00:38.392</utcDate>
		<adcModulationPercent>100</adcModulationPercent>
		<numScan>87</numScan>
		<numExp>0</numExp>
		<utcDate>30-11:00:43.609</utcDate>
		<adcModulationPercent>100</adcModulationPercent>
		<numScan>88</numScan>
		<numExp>0</numExp>
		<utcDate>30-11:00:48.826</utcDate>
		<adcModulationPercent>100</adcModulationPercent>
		<numScan>89</numScan>
		<numExp>0</numExp>
		<utcDate>30-11:00:54.043</utcDate>
		<adcModulationPercent>100</adcModulationPercent>
		<numScan>90</numScan>
		<numExp>0</numExp>
		<utcDate>30-11:00:59.260</utcDate>
		<adcModulationPercent>100</adcModulationPercent>
		<numScan>91</numScan>
		<numExp>0</numExp>
		<utcDate>30-11:01:04.477</utcDate>
		<adcModulationPercent>100</adcModulationPercent>
		<numScan>92</numScan>
		<numExp>0</numExp>
		<utcDate>30-11:01:09.694</utcDate>
		<adcModulationPercent>100</adcModulationPercent>
		<numScan>93</numScan>
		<numExp>0</numExp>
		<utcDate>30-11:01:14.911</utcDate>
		<adcModulationPercent>100</adcModulationPercent>
		<numScan>94</numScan>
		<numExp>0</numExp>
		<utcDate>30-11:01:20.128</utcDate>
		<adcModulationPercent>100</adcModulationPercent>
		<numScan>95</numScan>
		<numExp>0</numExp>
		<utcDate>30-11:01:25.345</utcDate>
		<adcModulationPercent>100</adcModulationPercent>
		<numScan>96</numScan>
		<numExp>0</numExp>
		<utcDate>30-11:01:30.562</utcDate>
		<adcModulationPercent>100</adcModulationPercent>
		<numScan>97</numScan>
		<numExp>0</numExp>
		<utcDate>30-11:01:35.778</utcDate>
		<adcModulationPercent>100</adcModulationPercent>
		<numScan>98</numScan>
		<numExp>0</numExp>
		<utcDate>30-11:01:40.996</utcDate>
		<adcModulationPercent>100</adcModulationPercent>
		<numScan>99</numScan>
		<numExp>0</numExp>
		<utcDate>30-11:01:46.212</utcDate>
		<adcModulationPercent>100</adcModulationPercent>
		<numScan>100</numScan>
		<numExp>0</numExp>
		<utcDate>30-11:01:51.429</utcDate>
		<adcModulationPercent>100</adcModulationPercent>
		<numScan>101</numScan>
		<numExp>0</numExp>
		<utcDate>30-11:01:56.647</utcDate>
		<adcModulationPercent>100</adcModulationPercent>
		<numScan>102</numScan>
		<numExp>0</numExp>
		<utcDate>30-11:02:01.863</utcDate>
		<adcModulationPercent>100</adcModulationPercent>
		<numScan>103</numScan>
		<numExp>0</numExp>
		<utcDate>30-11:02:07.080</utcDate>
		<adcModulationPercent>100</adcModulationPercent>
		<numScan>104</numScan>
		<numExp>0</numExp>
		<utcDate>30-11:02:12.297</utcDate>
		<adcModulationPercent>100</adcModulationPercent>
		<numScan>105</numScan>
		<numExp>0</numExp>
		<utcDate>30-11:02:17.514</utcDate>
		<adcModulationPercent>100</adcModulationPercent>
		<numScan>106</numScan>
		<numExp>0</numExp>
		<utcDate>30-11:02:22.731</utcDate>
		<adcModulationPercent>100</adcModulationPercent>
		<numScan>107</numScan>
		<numExp>0</numExp>
		<utcDate>30-11:02:27.948</utcDate>
		<adcModulationPercent>100</adcModulationPercent>
		<numScan>108</numScan>
		<numExp>0</numExp>
		<utcDate>30-11:02:33.165</utcDate>
		<adcModulationPercent>100</adcModulationPercent>
		<numScan>109</numScan>
		<numExp>0</numExp>
		<utcDate>30-11:02:38.382</utcDate>
		<adcModulationPercent>100</adcModulationPercent>
		<numScan>110</numScan>
		<numExp>0</numExp>
		<utcDate>30-11:02:43.599</utcDate>
		<adcModulationPercent>100</adcModulationPercent>
		<numScan>111</numScan>
		<numExp>0</numExp>
		<utcDate>30-11:02:48.816</utcDate>
		<adcModulationPercent>100</adcModulationPercent>
		<numScan>112</numScan>
		<numExp>0</numExp>
		<utcDate>30-11:02:54.032</utcDate>
		<adcModulationPercent>100</adcModulationPercent>
		<numScan>113</numScan>
		<numExp>0</numExp>
		<utcDate>30-11:02:59.249</utcDate>
		<adcModulationPercent>100</adcModulationPercent>
		<numScan>114</numScan>
		<numExp>0</numExp>
		<utcDate>30-11:03:04.467</utcDate>
		<adcModulationPercent>100</adcModulationPercent>
		<numScan>115</numScan>
		<numExp>0</numExp>
		<utcDate>30-11:03:09.683</utcDate>
		<adcModulationPercent>100</adcModulationPercent>
		<numScan>116</numScan>
		<numExp>0</numExp>
		<utcDate>30-11:03:14.900</utcDate>
		<adcModulationPercent>100</adcModulationPercent>
		<numScan>117</numScan>
		<numExp>0</numExp>
		<utcDate>30-11:03:20.117</utcDate>
		<adcModulationPercent>100</adcModulationPercent>
		<numScan>118</numScan>
		<numExp>0</numExp>
		<utcDate>30-11:03:25.334</utcDate>
		<adcModulationPercent>100</adcModulationPercent>
		<numScan>119</numScan>
		<numExp>0</numExp>
		<utcDate>30-11:03:30.551</utcDate>
		<adcModulationPercent>100</adcModulationPercent>
		<numScan>120</numScan>
		<numExp>0</numExp>
		<utcDate>30-11:03:35.768</utcDate>
		<adcModulationPercent>100</adcModulationPercent>
		<numScan>121</numScan>
		<numExp>0</numExp>
		<utcDate>30-11:03:40.985</utcDate>
		<adcModulationPercent>100</adcModulationPercent>
		<numScan>122</numScan>
		<numExp>0</numExp>
		<utcDate>30-11:03:46.202</utcDate>
		<adcModulationPercent>100</adcModulationPercent>
		<numScan>123</numScan>
		<numExp>0</numExp>
		<utcDate>30-11:03:51.419</utcDate>
		<adcModulationPercent>100</adcModulationPercent>
		<numScan>124</numScan>
		<numExp>0</numExp>
		<utcDate>30-11:03:56.636</utcDate>
		<adcModulationPercent>100</adcModulationPercent>
		<numScan>125</numScan>
		<numExp>0</numExp>
		<utcDate>30-11:04:01.853</utcDate>
		<adcModulationPercent>100</adcModulationPercent>
		<numScan>126</numScan>
		<numExp>0</numExp>
		<utcDate>30-11:04:07.070</utcDate>
		<adcModulationPercent>100</adcModulationPercent>
		<numScan>127</numScan>
		<numExp>0</numExp>
		<utcDate>30-11:04:12.281</utcDate>
		<adcModulationPercent>100</adcModulationPercent>
		<numScan>128</numScan>
		<numExp>0</numExp>
	</adcOverflow>
</TRX>

