 <TRX channel="1">
	<summary>Suboptimal performance achieved</summary>
	<maxAdcModulation>
		<utcDate>30-12:51:54.766</utcDate>
		<adcModulationPercent>100</adcModulationPercent>
		<numScan>2</numScan>
		<numExp>0</numExp>
	</maxAdcModulation>
	<minAdcModulation>
		<utcDate>30-12:52:46.936</utcDate>
		<adcModulationPercent>42</adcModulationPercent>
		<numScan>12</numScan>
		<numExp>0</numExp>
	</minAdcModulation>
	<adcOverflow>
		<utcDate>30-12:51:54.766</utcDate>
		<adcModulationPercent>100</adcModulationPercent>
		<numScan>2</numScan>
		<numExp>0</numExp>
		<utcDate>30-12:51:59.983</utcDate>
		<adcModulationPercent>100</adcModulationPercent>
		<numScan>3</numScan>
		<numExp>0</numExp>
		<utcDate>30-12:52:10.417</utcDate>
		<adcModulationPercent>100</adcModulationPercent>
		<numScan>5</numScan>
		<numExp>0</numExp>
		<utcDate>30-12:52:15.634</utcDate>
		<adcModulationPercent>100</adcModulationPercent>
		<numScan>6</numScan>
		<numExp>0</numExp>
		<utcDate>30-12:52:20.851</utcDate>
		<adcModulationPercent>100</adcModulationPercent>
		<numScan>7</numScan>
		<numExp>0</numExp>
		<utcDate>30-12:52:26.068</utcDate>
		<adcModulationPercent>100</adcModulationPercent>
		<numScan>8</numScan>
		<numExp>0</numExp>
		<utcDate>30-12:53:18.237</utcDate>
		<adcModulationPercent>100</adcModulationPercent>
		<numScan>18</numScan>
		<numExp>0</numExp>
		<utcDate>30-12:53:23.454</utcDate>
		<adcModulationPercent>100</adcModulationPercent>
		<numScan>19</numScan>
		<numExp>0</numExp>
		<utcDate>30-12:53:33.888</utcDate>
		<adcModulationPercent>100</adcModulationPercent>
		<numScan>21</numScan>
		<numExp>0</numExp>
		<utcDate>30-12:53:39.105</utcDate>
		<adcModulationPercent>100</adcModulationPercent>
		<numScan>22</numScan>
		<numExp>0</numExp>
		<utcDate>30-12:53:44.322</utcDate>
		<adcModulationPercent>100</adcModulationPercent>
		<numScan>23</numScan>
		<numExp>0</numExp>
		<utcDate>30-12:53:49.539</utcDate>
		<adcModulationPercent>100</adcModulationPercent>
		<numScan>24</numScan>
		<numExp>0</numExp>
		<utcDate>30-12:54:41.708</utcDate>
		<adcModulationPercent>100</adcModulationPercent>
		<numScan>34</numScan>
		<numExp>0</numExp>
		<utcDate>30-12:54:46.925</utcDate>
		<adcModulationPercent>100</adcModulationPercent>
		<numScan>35</numScan>
		<numExp>0</numExp>
		<utcDate>30-12:54:57.359</utcDate>
		<adcModulationPercent>100</adcModulationPercent>
		<numScan>37</numScan>
		<numExp>0</numExp>
		<utcDate>30-12:55:02.575</utcDate>
		<adcModulationPercent>100</adcModulationPercent>
		<numScan>38</numScan>
		<numExp>0</numExp>
		<utcDate>30-12:55:07.793</utcDate>
		<adcModulationPercent>100</adcModulationPercent>
		<numScan>39</numScan>
		<numExp>0</numExp>
		<utcDate>30-12:55:13.009</utcDate>
		<adcModulationPercent>100</adcModulationPercent>
		<numScan>40</numScan>
		<numExp>0</numExp>
		<utcDate>30-12:56:05.179</utcDate>
		<adcModulationPercent>100</adcModulationPercent>
		<numScan>50</numScan>
		<numExp>0</numExp>
		<utcDate>30-12:56:10.396</utcDate>
		<adcModulationPercent>100</adcModulationPercent>
		<numScan>51</numScan>
		<numExp>0</numExp>
		<utcDate>30-12:56:20.830</utcDate>
		<adcModulationPercent>100</adcModulationPercent>
		<numScan>53</numScan>
		<numExp>0</numExp>
		<utcDate>30-12:56:26.046</utcDate>
		<adcModulationPercent>100</adcModulationPercent>
		<numScan>54</numScan>
		<numExp>0</numExp>
		<utcDate>30-12:56:31.263</utcDate>
		<adcModulationPercent>100</adcModulationPercent>
		<numScan>55</numScan>
		<numExp>0</numExp>
		<utcDate>30-12:56:36.480</utcDate>
		<adcModulationPercent>100</adcModulationPercent>
		<numScan>56</numScan>
		<numExp>0</numExp>
		<utcDate>30-12:57:28.650</utcDate>
		<adcModulationPercent>100</adcModulationPercent>
		<numScan>66</numScan>
		<numExp>0</numExp>
		<utcDate>30-12:57:33.866</utcDate>
		<adcModulationPercent>100</adcModulationPercent>
		<numScan>67</numScan>
		<numExp>0</numExp>
		<utcDate>30-12:57:44.300</utcDate>
		<adcModulationPercent>100</adcModulationPercent>
		<numScan>69</numScan>
		<numExp>0</numExp>
		<utcDate>30-12:57:49.517</utcDate>
		<adcModulationPercent>100</adcModulationPercent>
		<numScan>70</numScan>
		<numExp>0</numExp>
		<utcDate>30-12:57:54.734</utcDate>
		<adcModulationPercent>100</adcModulationPercent>
		<numScan>71</numScan>
		<numExp>0</numExp>
		<utcDate>30-12:57:59.951</utcDate>
		<adcModulationPercent>100</adcModulationPercent>
		<numScan>72</numScan>
		<numExp>0</numExp>
		<utcDate>30-12:58:52.121</utcDate>
		<adcModulationPercent>100</adcModulationPercent>
		<numScan>82</numScan>
		<numExp>0</numExp>
		<utcDate>30-12:58:57.337</utcDate>
		<adcModulationPercent>100</adcModulationPercent>
		<numScan>83</numScan>
		<numExp>0</numExp>
		<utcDate>30-12:59:07.771</utcDate>
		<adcModulationPercent>100</adcModulationPercent>
		<numScan>85</numScan>
		<numExp>0</numExp>
		<utcDate>30-12:59:12.988</utcDate>
		<adcModulationPercent>100</adcModulationPercent>
		<numScan>86</numScan>
		<numExp>0</numExp>
		<utcDate>30-12:59:18.205</utcDate>
		<adcModulationPercent>100</adcModulationPercent>
		<numScan>87</numScan>
		<numExp>0</numExp>
		<utcDate>30-12:59:23.422</utcDate>
		<adcModulationPercent>100</adcModulationPercent>
		<numScan>88</numScan>
		<numExp>0</numExp>
		<utcDate>30-13:00:15.591</utcDate>
		<adcModulationPercent>100</adcModulationPercent>
		<numScan>98</numScan>
		<numExp>0</numExp>
		<utcDate>30-13:00:20.808</utcDate>
		<adcModulationPercent>100</adcModulationPercent>
		<numScan>99</numScan>
		<numExp>0</numExp>
		<utcDate>30-13:00:31.242</utcDate>
		<adcModulationPercent>100</adcModulationPercent>
		<numScan>101</numScan>
		<numExp>0</numExp>
		<utcDate>30-13:00:36.459</utcDate>
		<adcModulationPercent>100</adcModulationPercent>
		<numScan>102</numScan>
		<numExp>0</numExp>
		<utcDate>30-13:00:41.676</utcDate>
		<adcModulationPercent>100</adcModulationPercent>
		<numScan>103</numScan>
		<numExp>0</numExp>
		<utcDate>30-13:00:46.893</utcDate>
		<adcModulationPercent>100</adcModulationPercent>
		<numScan>104</numScan>
		<numExp>0</numExp>
		<utcDate>30-13:01:39.062</utcDate>
		<adcModulationPercent>100</adcModulationPercent>
		<numScan>114</numScan>
		<numExp>0</numExp>
		<utcDate>30-13:01:44.279</utcDate>
		<adcModulationPercent>100</adcModulationPercent>
		<numScan>115</numScan>
		<numExp>0</numExp>
		<utcDate>30-13:01:54.713</utcDate>
		<adcModulationPercent>100</adcModulationPercent>
		<numScan>117</numScan>
		<numExp>0</numExp>
		<utcDate>30-13:01:59.930</utcDate>
		<adcModulationPercent>100</adcModulationPercent>
		<numScan>118</numScan>
		<numExp>0</numExp>
		<utcDate>30-13:02:05.147</utcDate>
		<adcModulationPercent>100</adcModulationPercent>
		<numScan>119</numScan>
		<numExp>0</numExp>
		<utcDate>30-13:02:10.364</utcDate>
		<adcModulationPercent>100</adcModulationPercent>
		<numScan>120</numScan>
		<numExp>0</numExp>
	</adcOverflow>
</TRX>

