 <TRX channel="1">
	<summary>Suboptimal performance achieved</summary>
	<maxAdcModulation>
		<utcDate>29-14:35:58.772</utcDate>
		<adcModulationPercent>100</adcModulationPercent>
		<numScan>2</numScan>
		<numExp>0</numExp>
	</maxAdcModulation>
	<minAdcModulation>
		<utcDate>29-14:36:45.725</utcDate>
		<adcModulationPercent>41</adcModulationPercent>
		<numScan>11</numScan>
		<numExp>0</numExp>
	</minAdcModulation>
	<adcOverflow>
		<utcDate>29-14:35:58.772</utcDate>
		<adcModulationPercent>100</adcModulationPercent>
		<numScan>2</numScan>
		<numExp>0</numExp>
		<utcDate>29-14:36:03.989</utcDate>
		<adcModulationPercent>100</adcModulationPercent>
		<numScan>3</numScan>
		<numExp>0</numExp>
		<utcDate>29-14:36:14.423</utcDate>
		<adcModulationPercent>100</adcModulationPercent>
		<numScan>5</numScan>
		<numExp>0</numExp>
		<utcDate>29-14:36:30.074</utcDate>
		<adcModulationPercent>100</adcModulationPercent>
		<numScan>8</numScan>
		<numExp>0</numExp>
		<utcDate>29-14:37:22.243</utcDate>
		<adcModulationPercent>100</adcModulationPercent>
		<numScan>18</numScan>
		<numExp>0</numExp>
		<utcDate>29-14:37:27.460</utcDate>
		<adcModulationPercent>100</adcModulationPercent>
		<numScan>19</numScan>
		<numExp>0</numExp>
		<utcDate>29-14:37:37.894</utcDate>
		<adcModulationPercent>100</adcModulationPercent>
		<numScan>21</numScan>
		<numExp>0</numExp>
		<utcDate>29-14:37:53.545</utcDate>
		<adcModulationPercent>100</adcModulationPercent>
		<numScan>24</numScan>
		<numExp>0</numExp>
		<utcDate>29-14:38:45.714</utcDate>
		<adcModulationPercent>100</adcModulationPercent>
		<numScan>34</numScan>
		<numExp>0</numExp>
		<utcDate>29-14:38:50.931</utcDate>
		<adcModulationPercent>100</adcModulationPercent>
		<numScan>35</numScan>
		<numExp>0</numExp>
		<utcDate>29-14:39:01.365</utcDate>
		<adcModulationPercent>100</adcModulationPercent>
		<numScan>37</numScan>
		<numExp>0</numExp>
		<utcDate>29-14:39:17.016</utcDate>
		<adcModulationPercent>100</adcModulationPercent>
		<numScan>40</numScan>
		<numExp>0</numExp>
		<utcDate>29-14:40:09.185</utcDate>
		<adcModulationPercent>100</adcModulationPercent>
		<numScan>50</numScan>
		<numExp>0</numExp>
		<utcDate>29-14:40:14.402</utcDate>
		<adcModulationPercent>100</adcModulationPercent>
		<numScan>51</numScan>
		<numExp>0</numExp>
		<utcDate>29-14:40:19.619</utcDate>
		<adcModulationPercent>100</adcModulationPercent>
		<numScan>52</numScan>
		<numExp>0</numExp>
		<utcDate>29-14:40:24.836</utcDate>
		<adcModulationPercent>100</adcModulationPercent>
		<numScan>53</numScan>
		<numExp>0</numExp>
		<utcDate>29-14:40:40.486</utcDate>
		<adcModulationPercent>100</adcModulationPercent>
		<numScan>56</numScan>
		<numExp>0</numExp>
		<utcDate>29-14:41:32.656</utcDate>
		<adcModulationPercent>100</adcModulationPercent>
		<numScan>66</numScan>
		<numExp>0</numExp>
		<utcDate>29-14:41:37.873</utcDate>
		<adcModulationPercent>100</adcModulationPercent>
		<numScan>67</numScan>
		<numExp>0</numExp>
		<utcDate>29-14:41:43.090</utcDate>
		<adcModulationPercent>100</adcModulationPercent>
		<numScan>68</numScan>
		<numExp>0</numExp>
		<utcDate>29-14:41:48.306</utcDate>
		<adcModulationPercent>100</adcModulationPercent>
		<numScan>69</numScan>
		<numExp>0</numExp>
		<utcDate>29-14:42:03.957</utcDate>
		<adcModulationPercent>100</adcModulationPercent>
		<numScan>72</numScan>
		<numExp>0</numExp>
		<utcDate>29-14:42:56.126</utcDate>
		<adcModulationPercent>100</adcModulationPercent>
		<numScan>82</numScan>
		<numExp>0</numExp>
		<utcDate>29-14:43:01.343</utcDate>
		<adcModulationPercent>100</adcModulationPercent>
		<numScan>83</numScan>
		<numExp>0</numExp>
		<utcDate>29-14:43:06.560</utcDate>
		<adcModulationPercent>100</adcModulationPercent>
		<numScan>84</numScan>
		<numExp>0</numExp>
		<utcDate>29-14:43:11.777</utcDate>
		<adcModulationPercent>100</adcModulationPercent>
		<numScan>85</numScan>
		<numExp>0</numExp>
		<utcDate>29-14:43:27.428</utcDate>
		<adcModulationPercent>100</adcModulationPercent>
		<numScan>88</numScan>
		<numExp>0</numExp>
		<utcDate>29-14:44:24.814</utcDate>
		<adcModulationPercent>100</adcModulationPercent>
		<numScan>99</numScan>
		<numExp>0</numExp>
		<utcDate>29-14:44:30.031</utcDate>
		<adcModulationPercent>100</adcModulationPercent>
		<numScan>100</numScan>
		<numExp>0</numExp>
		<utcDate>29-14:44:35.248</utcDate>
		<adcModulationPercent>100</adcModulationPercent>
		<numScan>101</numScan>
		<numExp>0</numExp>
		<utcDate>29-14:44:50.899</utcDate>
		<adcModulationPercent>100</adcModulationPercent>
		<numScan>104</numScan>
		<numExp>0</numExp>
		<utcDate>29-14:45:53.502</utcDate>
		<adcModulationPercent>100</adcModulationPercent>
		<numScan>116</numScan>
		<numExp>0</numExp>
		<utcDate>29-14:45:58.719</utcDate>
		<adcModulationPercent>100</adcModulationPercent>
		<numScan>117</numScan>
		<numExp>0</numExp>
		<utcDate>29-14:46:14.369</utcDate>
		<adcModulationPercent>100</adcModulationPercent>
		<numScan>120</numScan>
		<numExp>0</numExp>
	</adcOverflow>
</TRX>

