 <TRX channel="1">
	<summary>Suboptimal performance achieved</summary>
	<maxAdcModulation>
		<utcDate>29-13:52:09.042</utcDate>
		<adcModulationPercent>100</adcModulationPercent>
		<numScan>2</numScan>
		<numExp>0</numExp>
	</maxAdcModulation>
	<minAdcModulation>
		<utcDate>29-13:52:55.994</utcDate>
		<adcModulationPercent>38</adcModulationPercent>
		<numScan>11</numScan>
		<numExp>0</numExp>
	</minAdcModulation>
	<adcOverflow>
		<utcDate>29-13:52:09.042</utcDate>
		<adcModulationPercent>100</adcModulationPercent>
		<numScan>2</numScan>
		<numExp>0</numExp>
		<utcDate>29-13:52:14.259</utcDate>
		<adcModulationPercent>100</adcModulationPercent>
		<numScan>3</numScan>
		<numExp>0</numExp>
		<utcDate>29-13:52:19.475</utcDate>
		<adcModulationPercent>100</adcModulationPercent>
		<numScan>4</numScan>
		<numExp>0</numExp>
		<utcDate>29-13:52:24.692</utcDate>
		<adcModulationPercent>100</adcModulationPercent>
		<numScan>5</numScan>
		<numExp>0</numExp>
		<utcDate>29-13:52:29.910</utcDate>
		<adcModulationPercent>100</adcModulationPercent>
		<numScan>6</numScan>
		<numExp>0</numExp>
		<utcDate>29-13:52:35.127</utcDate>
		<adcModulationPercent>100</adcModulationPercent>
		<numScan>7</numScan>
		<numExp>0</numExp>
		<utcDate>29-13:52:40.343</utcDate>
		<adcModulationPercent>100</adcModulationPercent>
		<numScan>8</numScan>
		<numExp>0</numExp>
		<utcDate>29-13:53:27.296</utcDate>
		<adcModulationPercent>100</adcModulationPercent>
		<numScan>17</numScan>
		<numExp>0</numExp>
		<utcDate>29-13:53:32.513</utcDate>
		<adcModulationPercent>100</adcModulationPercent>
		<numScan>18</numScan>
		<numExp>0</numExp>
		<utcDate>29-13:53:37.729</utcDate>
		<adcModulationPercent>100</adcModulationPercent>
		<numScan>19</numScan>
		<numExp>0</numExp>
		<utcDate>29-13:53:42.946</utcDate>
		<adcModulationPercent>100</adcModulationPercent>
		<numScan>20</numScan>
		<numExp>0</numExp>
		<utcDate>29-13:53:48.164</utcDate>
		<adcModulationPercent>100</adcModulationPercent>
		<numScan>21</numScan>
		<numExp>0</numExp>
		<utcDate>29-13:53:53.380</utcDate>
		<adcModulationPercent>100</adcModulationPercent>
		<numScan>22</numScan>
		<numExp>0</numExp>
		<utcDate>29-13:53:58.597</utcDate>
		<adcModulationPercent>100</adcModulationPercent>
		<numScan>23</numScan>
		<numExp>0</numExp>
		<utcDate>29-13:54:03.814</utcDate>
		<adcModulationPercent>100</adcModulationPercent>
		<numScan>24</numScan>
		<numExp>0</numExp>
		<utcDate>29-13:54:50.766</utcDate>
		<adcModulationPercent>100</adcModulationPercent>
		<numScan>33</numScan>
		<numExp>0</numExp>
		<utcDate>29-13:54:55.983</utcDate>
		<adcModulationPercent>100</adcModulationPercent>
		<numScan>34</numScan>
		<numExp>0</numExp>
		<utcDate>29-13:55:01.200</utcDate>
		<adcModulationPercent>100</adcModulationPercent>
		<numScan>35</numScan>
		<numExp>0</numExp>
		<utcDate>29-13:55:06.417</utcDate>
		<adcModulationPercent>100</adcModulationPercent>
		<numScan>36</numScan>
		<numExp>0</numExp>
		<utcDate>29-13:55:11.634</utcDate>
		<adcModulationPercent>100</adcModulationPercent>
		<numScan>37</numScan>
		<numExp>0</numExp>
		<utcDate>29-13:55:16.851</utcDate>
		<adcModulationPercent>100</adcModulationPercent>
		<numScan>38</numScan>
		<numExp>0</numExp>
		<utcDate>29-13:55:22.068</utcDate>
		<adcModulationPercent>100</adcModulationPercent>
		<numScan>39</numScan>
		<numExp>0</numExp>
		<utcDate>29-13:55:27.285</utcDate>
		<adcModulationPercent>100</adcModulationPercent>
		<numScan>40</numScan>
		<numExp>0</numExp>
		<utcDate>29-13:56:14.237</utcDate>
		<adcModulationPercent>100</adcModulationPercent>
		<numScan>49</numScan>
		<numExp>0</numExp>
		<utcDate>29-13:56:19.454</utcDate>
		<adcModulationPercent>100</adcModulationPercent>
		<numScan>50</numScan>
		<numExp>0</numExp>
		<utcDate>29-13:56:24.671</utcDate>
		<adcModulationPercent>100</adcModulationPercent>
		<numScan>51</numScan>
		<numExp>0</numExp>
		<utcDate>29-13:56:29.888</utcDate>
		<adcModulationPercent>100</adcModulationPercent>
		<numScan>52</numScan>
		<numExp>0</numExp>
		<utcDate>29-13:56:35.105</utcDate>
		<adcModulationPercent>100</adcModulationPercent>
		<numScan>53</numScan>
		<numExp>0</numExp>
		<utcDate>29-13:56:40.322</utcDate>
		<adcModulationPercent>100</adcModulationPercent>
		<numScan>54</numScan>
		<numExp>0</numExp>
		<utcDate>29-13:56:45.539</utcDate>
		<adcModulationPercent>100</adcModulationPercent>
		<numScan>55</numScan>
		<numExp>0</numExp>
		<utcDate>29-13:56:50.756</utcDate>
		<adcModulationPercent>100</adcModulationPercent>
		<numScan>56</numScan>
		<numExp>0</numExp>
		<utcDate>29-13:57:37.708</utcDate>
		<adcModulationPercent>100</adcModulationPercent>
		<numScan>65</numScan>
		<numExp>0</numExp>
		<utcDate>29-13:57:42.925</utcDate>
		<adcModulationPercent>100</adcModulationPercent>
		<numScan>66</numScan>
		<numExp>0</numExp>
		<utcDate>29-13:57:48.142</utcDate>
		<adcModulationPercent>100</adcModulationPercent>
		<numScan>67</numScan>
		<numExp>0</numExp>
		<utcDate>29-13:57:53.359</utcDate>
		<adcModulationPercent>100</adcModulationPercent>
		<numScan>68</numScan>
		<numExp>0</numExp>
		<utcDate>29-13:57:58.575</utcDate>
		<adcModulationPercent>100</adcModulationPercent>
		<numScan>69</numScan>
		<numExp>0</numExp>
		<utcDate>29-13:58:03.793</utcDate>
		<adcModulationPercent>100</adcModulationPercent>
		<numScan>70</numScan>
		<numExp>0</numExp>
		<utcDate>29-13:58:09.009</utcDate>
		<adcModulationPercent>100</adcModulationPercent>
		<numScan>71</numScan>
		<numExp>0</numExp>
		<utcDate>29-13:58:14.226</utcDate>
		<adcModulationPercent>100</adcModulationPercent>
		<numScan>72</numScan>
		<numExp>0</numExp>
		<utcDate>29-13:59:01.179</utcDate>
		<adcModulationPercent>100</adcModulationPercent>
		<numScan>81</numScan>
		<numExp>0</numExp>
		<utcDate>29-13:59:06.396</utcDate>
		<adcModulationPercent>100</adcModulationPercent>
		<numScan>82</numScan>
		<numExp>0</numExp>
		<utcDate>29-13:59:11.613</utcDate>
		<adcModulationPercent>100</adcModulationPercent>
		<numScan>83</numScan>
		<numExp>0</numExp>
		<utcDate>29-13:59:16.829</utcDate>
		<adcModulationPercent>100</adcModulationPercent>
		<numScan>84</numScan>
		<numExp>0</numExp>
		<utcDate>29-13:59:22.047</utcDate>
		<adcModulationPercent>100</adcModulationPercent>
		<numScan>85</numScan>
		<numExp>0</numExp>
		<utcDate>29-13:59:27.263</utcDate>
		<adcModulationPercent>100</adcModulationPercent>
		<numScan>86</numScan>
		<numExp>0</numExp>
		<utcDate>29-13:59:32.481</utcDate>
		<adcModulationPercent>100</adcModulationPercent>
		<numScan>87</numScan>
		<numExp>0</numExp>
		<utcDate>29-13:59:37.697</utcDate>
		<adcModulationPercent>100</adcModulationPercent>
		<numScan>88</numScan>
		<numExp>0</numExp>
		<utcDate>29-14:00:24.649</utcDate>
		<adcModulationPercent>100</adcModulationPercent>
		<numScan>97</numScan>
		<numExp>0</numExp>
		<utcDate>29-14:00:29.866</utcDate>
		<adcModulationPercent>100</adcModulationPercent>
		<numScan>98</numScan>
		<numExp>0</numExp>
		<utcDate>29-14:00:35.084</utcDate>
		<adcModulationPercent>100</adcModulationPercent>
		<numScan>99</numScan>
		<numExp>0</numExp>
		<utcDate>29-14:00:40.301</utcDate>
		<adcModulationPercent>100</adcModulationPercent>
		<numScan>100</numScan>
		<numExp>0</numExp>
		<utcDate>29-14:00:45.517</utcDate>
		<adcModulationPercent>100</adcModulationPercent>
		<numScan>101</numScan>
		<numExp>0</numExp>
		<utcDate>29-14:00:50.734</utcDate>
		<adcModulationPercent>100</adcModulationPercent>
		<numScan>102</numScan>
		<numExp>0</numExp>
		<utcDate>29-14:00:55.951</utcDate>
		<adcModulationPercent>100</adcModulationPercent>
		<numScan>103</numScan>
		<numExp>0</numExp>
		<utcDate>29-14:01:01.168</utcDate>
		<adcModulationPercent>100</adcModulationPercent>
		<numScan>104</numScan>
		<numExp>0</numExp>
		<utcDate>29-14:01:48.120</utcDate>
		<adcModulationPercent>100</adcModulationPercent>
		<numScan>113</numScan>
		<numExp>0</numExp>
		<utcDate>29-14:01:53.337</utcDate>
		<adcModulationPercent>100</adcModulationPercent>
		<numScan>114</numScan>
		<numExp>0</numExp>
		<utcDate>29-14:01:58.554</utcDate>
		<adcModulationPercent>100</adcModulationPercent>
		<numScan>115</numScan>
		<numExp>0</numExp>
		<utcDate>29-14:02:03.771</utcDate>
		<adcModulationPercent>100</adcModulationPercent>
		<numScan>116</numScan>
		<numExp>0</numExp>
		<utcDate>29-14:02:08.988</utcDate>
		<adcModulationPercent>100</adcModulationPercent>
		<numScan>117</numScan>
		<numExp>0</numExp>
		<utcDate>29-14:02:14.205</utcDate>
		<adcModulationPercent>100</adcModulationPercent>
		<numScan>118</numScan>
		<numExp>0</numExp>
		<utcDate>29-14:02:19.422</utcDate>
		<adcModulationPercent>100</adcModulationPercent>
		<numScan>119</numScan>
		<numExp>0</numExp>
		<utcDate>29-14:02:24.639</utcDate>
		<adcModulationPercent>100</adcModulationPercent>
		<numScan>120</numScan>
		<numExp>0</numExp>
	</adcOverflow>
</TRX>

