 <TRX channel="1">
	<summary>Suboptimal performance achieved</summary>
	<maxAdcModulation>
		<utcDate>30-11:19:15.603</utcDate>
		<adcModulationPercent>100</adcModulationPercent>
		<numScan>1</numScan>
		<numExp>0</numExp>
	</maxAdcModulation>
	<minAdcModulation>
		<utcDate>30-11:22:59.931</utcDate>
		<adcModulationPercent>90</adcModulationPercent>
		<numScan>44</numScan>
		<numExp>0</numExp>
	</minAdcModulation>
	<adcOverflow>
		<utcDate>30-11:19:15.603</utcDate>
		<adcModulationPercent>100</adcModulationPercent>
		<numScan>1</numScan>
		<numExp>0</numExp>
		<utcDate>30-11:19:20.820</utcDate>
		<adcModulationPercent>100</adcModulationPercent>
		<numScan>2</numScan>
		<numExp>0</numExp>
		<utcDate>30-11:19:26.037</utcDate>
		<adcModulationPercent>100</adcModulationPercent>
		<numScan>3</numScan>
		<numExp>0</numExp>
		<utcDate>30-11:19:31.254</utcDate>
		<adcModulationPercent>100</adcModulationPercent>
		<numScan>4</numScan>
		<numExp>0</numExp>
		<utcDate>30-11:19:36.471</utcDate>
		<adcModulationPercent>100</adcModulationPercent>
		<numScan>5</numScan>
		<numExp>0</numExp>
		<utcDate>30-11:19:41.688</utcDate>
		<adcModulationPercent>100</adcModulationPercent>
		<numScan>6</numScan>
		<numExp>0</numExp>
		<utcDate>30-11:19:46.905</utcDate>
		<adcModulationPercent>100</adcModulationPercent>
		<numScan>7</numScan>
		<numExp>0</numExp>
		<utcDate>30-11:19:52.122</utcDate>
		<adcModulationPercent>100</adcModulationPercent>
		<numScan>8</numScan>
		<numExp>0</numExp>
		<utcDate>30-11:19:57.338</utcDate>
		<adcModulationPercent>100</adcModulationPercent>
		<numScan>9</numScan>
		<numExp>0</numExp>
		<utcDate>30-11:20:02.555</utcDate>
		<adcModulationPercent>100</adcModulationPercent>
		<numScan>10</numScan>
		<numExp>0</numExp>
		<utcDate>30-11:20:07.773</utcDate>
		<adcModulationPercent>100</adcModulationPercent>
		<numScan>11</numScan>
		<numExp>0</numExp>
		<utcDate>30-11:20:18.206</utcDate>
		<adcModulationPercent>100</adcModulationPercent>
		<numScan>13</numScan>
		<numExp>0</numExp>
		<utcDate>30-11:20:23.423</utcDate>
		<adcModulationPercent>100</adcModulationPercent>
		<numScan>14</numScan>
		<numExp>0</numExp>
		<utcDate>30-11:20:28.640</utcDate>
		<adcModulationPercent>100</adcModulationPercent>
		<numScan>15</numScan>
		<numExp>0</numExp>
		<utcDate>30-11:20:33.857</utcDate>
		<adcModulationPercent>100</adcModulationPercent>
		<numScan>16</numScan>
		<numExp>0</numExp>
		<utcDate>30-11:20:39.074</utcDate>
		<adcModulationPercent>100</adcModulationPercent>
		<numScan>17</numScan>
		<numExp>0</numExp>
		<utcDate>30-11:20:44.291</utcDate>
		<adcModulationPercent>100</adcModulationPercent>
		<numScan>18</numScan>
		<numExp>0</numExp>
		<utcDate>30-11:20:49.508</utcDate>
		<adcModulationPercent>100</adcModulationPercent>
		<numScan>19</numScan>
		<numExp>0</numExp>
		<utcDate>30-11:20:54.725</utcDate>
		<adcModulationPercent>100</adcModulationPercent>
		<numScan>20</numScan>
		<numExp>0</numExp>
		<utcDate>30-11:20:59.942</utcDate>
		<adcModulationPercent>100</adcModulationPercent>
		<numScan>21</numScan>
		<numExp>0</numExp>
		<utcDate>30-11:21:05.159</utcDate>
		<adcModulationPercent>100</adcModulationPercent>
		<numScan>22</numScan>
		<numExp>0</numExp>
		<utcDate>30-11:21:10.375</utcDate>
		<adcModulationPercent>100</adcModulationPercent>
		<numScan>23</numScan>
		<numExp>0</numExp>
		<utcDate>30-11:21:15.592</utcDate>
		<adcModulationPercent>100</adcModulationPercent>
		<numScan>24</numScan>
		<numExp>0</numExp>
		<utcDate>30-11:21:20.809</utcDate>
		<adcModulationPercent>100</adcModulationPercent>
		<numScan>25</numScan>
		<numExp>0</numExp>
		<utcDate>30-11:21:26.026</utcDate>
		<adcModulationPercent>100</adcModulationPercent>
		<numScan>26</numScan>
		<numExp>0</numExp>
		<utcDate>30-11:21:31.243</utcDate>
		<adcModulationPercent>100</adcModulationPercent>
		<numScan>27</numScan>
		<numExp>0</numExp>
		<utcDate>30-11:21:41.677</utcDate>
		<adcModulationPercent>100</adcModulationPercent>
		<numScan>29</numScan>
		<numExp>0</numExp>
		<utcDate>30-11:21:46.894</utcDate>
		<adcModulationPercent>100</adcModulationPercent>
		<numScan>30</numScan>
		<numExp>0</numExp>
		<utcDate>30-11:21:52.111</utcDate>
		<adcModulationPercent>100</adcModulationPercent>
		<numScan>31</numScan>
		<numExp>0</numExp>
		<utcDate>30-11:21:57.328</utcDate>
		<adcModulationPercent>100</adcModulationPercent>
		<numScan>32</numScan>
		<numExp>0</numExp>
		<utcDate>30-11:22:02.544</utcDate>
		<adcModulationPercent>100</adcModulationPercent>
		<numScan>33</numScan>
		<numExp>0</numExp>
		<utcDate>30-11:22:07.762</utcDate>
		<adcModulationPercent>100</adcModulationPercent>
		<numScan>34</numScan>
		<numExp>0</numExp>
		<utcDate>30-11:22:12.978</utcDate>
		<adcModulationPercent>100</adcModulationPercent>
		<numScan>35</numScan>
		<numExp>0</numExp>
		<utcDate>30-11:22:18.196</utcDate>
		<adcModulationPercent>100</adcModulationPercent>
		<numScan>36</numScan>
		<numExp>0</numExp>
		<utcDate>30-11:22:23.412</utcDate>
		<adcModulationPercent>100</adcModulationPercent>
		<numScan>37</numScan>
		<numExp>0</numExp>
		<utcDate>30-11:22:28.630</utcDate>
		<adcModulationPercent>100</adcModulationPercent>
		<numScan>38</numScan>
		<numExp>0</numExp>
		<utcDate>30-11:22:33.846</utcDate>
		<adcModulationPercent>100</adcModulationPercent>
		<numScan>39</numScan>
		<numExp>0</numExp>
		<utcDate>30-11:22:39.063</utcDate>
		<adcModulationPercent>100</adcModulationPercent>
		<numScan>40</numScan>
		<numExp>0</numExp>
		<utcDate>30-11:22:44.280</utcDate>
		<adcModulationPercent>100</adcModulationPercent>
		<numScan>41</numScan>
		<numExp>0</numExp>
		<utcDate>30-11:22:49.497</utcDate>
		<adcModulationPercent>100</adcModulationPercent>
		<numScan>42</numScan>
		<numExp>0</numExp>
		<utcDate>30-11:22:54.714</utcDate>
		<adcModulationPercent>100</adcModulationPercent>
		<numScan>43</numScan>
		<numExp>0</numExp>
		<utcDate>30-11:23:05.148</utcDate>
		<adcModulationPercent>100</adcModulationPercent>
		<numScan>45</numScan>
		<numExp>0</numExp>
		<utcDate>30-11:23:10.365</utcDate>
		<adcModulationPercent>100</adcModulationPercent>
		<numScan>46</numScan>
		<numExp>0</numExp>
		<utcDate>30-11:23:15.581</utcDate>
		<adcModulationPercent>100</adcModulationPercent>
		<numScan>47</numScan>
		<numExp>0</numExp>
		<utcDate>30-11:23:20.799</utcDate>
		<adcModulationPercent>100</adcModulationPercent>
		<numScan>48</numScan>
		<numExp>0</numExp>
		<utcDate>30-11:23:26.016</utcDate>
		<adcModulationPercent>100</adcModulationPercent>
		<numScan>49</numScan>
		<numExp>0</numExp>
		<utcDate>30-11:23:31.232</utcDate>
		<adcModulationPercent>100</adcModulationPercent>
		<numScan>50</numScan>
		<numExp>0</numExp>
		<utcDate>30-11:23:36.449</utcDate>
		<adcModulationPercent>100</adcModulationPercent>
		<numScan>51</numScan>
		<numExp>0</numExp>
		<utcDate>30-11:23:41.666</utcDate>
		<adcModulationPercent>100</adcModulationPercent>
		<numScan>52</numScan>
		<numExp>0</numExp>
		<utcDate>30-11:23:46.883</utcDate>
		<adcModulationPercent>100</adcModulationPercent>
		<numScan>53</numScan>
		<numExp>0</numExp>
		<utcDate>30-11:23:52.100</utcDate>
		<adcModulationPercent>100</adcModulationPercent>
		<numScan>54</numScan>
		<numExp>0</numExp>
		<utcDate>30-11:23:57.317</utcDate>
		<adcModulationPercent>100</adcModulationPercent>
		<numScan>55</numScan>
		<numExp>0</numExp>
		<utcDate>30-11:24:02.534</utcDate>
		<adcModulationPercent>100</adcModulationPercent>
		<numScan>56</numScan>
		<numExp>0</numExp>
		<utcDate>30-11:24:07.751</utcDate>
		<adcModulationPercent>100</adcModulationPercent>
		<numScan>57</numScan>
		<numExp>0</numExp>
		<utcDate>30-11:24:12.968</utcDate>
		<adcModulationPercent>100</adcModulationPercent>
		<numScan>58</numScan>
		<numExp>0</numExp>
		<utcDate>30-11:24:18.184</utcDate>
		<adcModulationPercent>100</adcModulationPercent>
		<numScan>59</numScan>
		<numExp>0</numExp>
		<utcDate>30-11:24:28.619</utcDate>
		<adcModulationPercent>100</adcModulationPercent>
		<numScan>61</numScan>
		<numExp>0</numExp>
		<utcDate>30-11:24:33.836</utcDate>
		<adcModulationPercent>100</adcModulationPercent>
		<numScan>62</numScan>
		<numExp>0</numExp>
		<utcDate>30-11:24:39.052</utcDate>
		<adcModulationPercent>100</adcModulationPercent>
		<numScan>63</numScan>
		<numExp>0</numExp>
		<utcDate>30-11:24:44.269</utcDate>
		<adcModulationPercent>100</adcModulationPercent>
		<numScan>64</numScan>
		<numExp>0</numExp>
		<utcDate>30-11:24:49.486</utcDate>
		<adcModulationPercent>100</adcModulationPercent>
		<numScan>65</numScan>
		<numExp>0</numExp>
		<utcDate>30-11:24:54.703</utcDate>
		<adcModulationPercent>100</adcModulationPercent>
		<numScan>66</numScan>
		<numExp>0</numExp>
		<utcDate>30-11:24:59.920</utcDate>
		<adcModulationPercent>100</adcModulationPercent>
		<numScan>67</numScan>
		<numExp>0</numExp>
		<utcDate>30-11:25:05.137</utcDate>
		<adcModulationPercent>100</adcModulationPercent>
		<numScan>68</numScan>
		<numExp>0</numExp>
		<utcDate>30-11:25:10.354</utcDate>
		<adcModulationPercent>100</adcModulationPercent>
		<numScan>69</numScan>
		<numExp>0</numExp>
		<utcDate>30-11:25:15.571</utcDate>
		<adcModulationPercent>100</adcModulationPercent>
		<numScan>70</numScan>
		<numExp>0</numExp>
		<utcDate>30-11:25:20.788</utcDate>
		<adcModulationPercent>100</adcModulationPercent>
		<numScan>71</numScan>
		<numExp>0</numExp>
		<utcDate>30-11:25:26.005</utcDate>
		<adcModulationPercent>100</adcModulationPercent>
		<numScan>72</numScan>
		<numExp>0</numExp>
		<utcDate>30-11:25:31.221</utcDate>
		<adcModulationPercent>100</adcModulationPercent>
		<numScan>73</numScan>
		<numExp>0</numExp>
		<utcDate>30-11:25:36.438</utcDate>
		<adcModulationPercent>100</adcModulationPercent>
		<numScan>74</numScan>
		<numExp>0</numExp>
		<utcDate>30-11:25:41.656</utcDate>
		<adcModulationPercent>100</adcModulationPercent>
		<numScan>75</numScan>
		<numExp>0</numExp>
		<utcDate>30-11:25:52.089</utcDate>
		<adcModulationPercent>100</adcModulationPercent>
		<numScan>77</numScan>
		<numExp>0</numExp>
		<utcDate>30-11:25:57.306</utcDate>
		<adcModulationPercent>100</adcModulationPercent>
		<numScan>78</numScan>
		<numExp>0</numExp>
		<utcDate>30-11:26:02.523</utcDate>
		<adcModulationPercent>100</adcModulationPercent>
		<numScan>79</numScan>
		<numExp>0</numExp>
		<utcDate>30-11:26:07.740</utcDate>
		<adcModulationPercent>100</adcModulationPercent>
		<numScan>80</numScan>
		<numExp>0</numExp>
		<utcDate>30-11:26:12.957</utcDate>
		<adcModulationPercent>100</adcModulationPercent>
		<numScan>81</numScan>
		<numExp>0</numExp>
		<utcDate>30-11:26:18.174</utcDate>
		<adcModulationPercent>100</adcModulationPercent>
		<numScan>82</numScan>
		<numExp>0</numExp>
		<utcDate>30-11:26:23.391</utcDate>
		<adcModulationPercent>100</adcModulationPercent>
		<numScan>83</numScan>
		<numExp>0</numExp>
		<utcDate>30-11:26:28.608</utcDate>
		<adcModulationPercent>100</adcModulationPercent>
		<numScan>84</numScan>
		<numExp>0</numExp>
		<utcDate>30-11:26:33.825</utcDate>
		<adcModulationPercent>100</adcModulationPercent>
		<numScan>85</numScan>
		<numExp>0</numExp>
		<utcDate>30-11:26:39.042</utcDate>
		<adcModulationPercent>100</adcModulationPercent>
		<numScan>86</numScan>
		<numExp>0</numExp>
		<utcDate>30-11:26:44.258</utcDate>
		<adcModulationPercent>100</adcModulationPercent>
		<numScan>87</numScan>
		<numExp>0</numExp>
		<utcDate>30-11:26:49.476</utcDate>
		<adcModulationPercent>100</adcModulationPercent>
		<numScan>88</numScan>
		<numExp>0</numExp>
		<utcDate>30-11:26:54.692</utcDate>
		<adcModulationPercent>100</adcModulationPercent>
		<numScan>89</numScan>
		<numExp>0</numExp>
		<utcDate>30-11:26:59.910</utcDate>
		<adcModulationPercent>100</adcModulationPercent>
		<numScan>90</numScan>
		<numExp>0</numExp>
		<utcDate>30-11:27:05.126</utcDate>
		<adcModulationPercent>100</adcModulationPercent>
		<numScan>91</numScan>
		<numExp>0</numExp>
		<utcDate>30-11:27:10.343</utcDate>
		<adcModulationPercent>100</adcModulationPercent>
		<numScan>92</numScan>
		<numExp>0</numExp>
		<utcDate>30-11:27:15.560</utcDate>
		<adcModulationPercent>100</adcModulationPercent>
		<numScan>93</numScan>
		<numExp>0</numExp>
		<utcDate>30-11:27:20.777</utcDate>
		<adcModulationPercent>100</adcModulationPercent>
		<numScan>94</numScan>
		<numExp>0</numExp>
		<utcDate>30-11:27:25.994</utcDate>
		<adcModulationPercent>100</adcModulationPercent>
		<numScan>95</numScan>
		<numExp>0</numExp>
		<utcDate>30-11:27:31.211</utcDate>
		<adcModulationPercent>100</adcModulationPercent>
		<numScan>96</numScan>
		<numExp>0</numExp>
		<utcDate>30-11:27:36.428</utcDate>
		<adcModulationPercent>100</adcModulationPercent>
		<numScan>97</numScan>
		<numExp>0</numExp>
		<utcDate>30-11:27:41.645</utcDate>
		<adcModulationPercent>100</adcModulationPercent>
		<numScan>98</numScan>
		<numExp>0</numExp>
		<utcDate>30-11:27:46.862</utcDate>
		<adcModulationPercent>100</adcModulationPercent>
		<numScan>99</numScan>
		<numExp>0</numExp>
		<utcDate>30-11:27:52.079</utcDate>
		<adcModulationPercent>100</adcModulationPercent>
		<numScan>100</numScan>
		<numExp>0</numExp>
		<utcDate>30-11:27:57.296</utcDate>
		<adcModulationPercent>100</adcModulationPercent>
		<numScan>101</numScan>
		<numExp>0</numExp>
		<utcDate>30-11:28:02.512</utcDate>
		<adcModulationPercent>100</adcModulationPercent>
		<numScan>102</numScan>
		<numExp>0</numExp>
		<utcDate>30-11:28:07.730</utcDate>
		<adcModulationPercent>100</adcModulationPercent>
		<numScan>103</numScan>
		<numExp>0</numExp>
		<utcDate>30-11:28:12.946</utcDate>
		<adcModulationPercent>100</adcModulationPercent>
		<numScan>104</numScan>
		<numExp>0</numExp>
		<utcDate>30-11:28:18.163</utcDate>
		<adcModulationPercent>100</adcModulationPercent>
		<numScan>105</numScan>
		<numExp>0</numExp>
		<utcDate>30-11:28:23.380</utcDate>
		<adcModulationPercent>100</adcModulationPercent>
		<numScan>106</numScan>
		<numExp>0</numExp>
		<utcDate>30-11:28:28.597</utcDate>
		<adcModulationPercent>100</adcModulationPercent>
		<numScan>107</numScan>
		<numExp>0</numExp>
		<utcDate>30-11:28:33.814</utcDate>
		<adcModulationPercent>100</adcModulationPercent>
		<numScan>108</numScan>
		<numExp>0</numExp>
		<utcDate>30-11:28:39.031</utcDate>
		<adcModulationPercent>100</adcModulationPercent>
		<numScan>109</numScan>
		<numExp>0</numExp>
		<utcDate>30-11:28:44.248</utcDate>
		<adcModulationPercent>100</adcModulationPercent>
		<numScan>110</numScan>
		<numExp>0</numExp>
		<utcDate>30-11:28:49.464</utcDate>
		<adcModulationPercent>100</adcModulationPercent>
		<numScan>111</numScan>
		<numExp>0</numExp>
		<utcDate>30-11:28:54.682</utcDate>
		<adcModulationPercent>100</adcModulationPercent>
		<numScan>112</numScan>
		<numExp>0</numExp>
		<utcDate>30-11:28:59.899</utcDate>
		<adcModulationPercent>100</adcModulationPercent>
		<numScan>113</numScan>
		<numExp>0</numExp>
		<utcDate>30-11:29:05.115</utcDate>
		<adcModulationPercent>100</adcModulationPercent>
		<numScan>114</numScan>
		<numExp>0</numExp>
		<utcDate>30-11:29:10.332</utcDate>
		<adcModulationPercent>100</adcModulationPercent>
		<numScan>115</numScan>
		<numExp>0</numExp>
		<utcDate>30-11:29:15.549</utcDate>
		<adcModulationPercent>100</adcModulationPercent>
		<numScan>116</numScan>
		<numExp>0</numExp>
		<utcDate>30-11:29:20.766</utcDate>
		<adcModulationPercent>100</adcModulationPercent>
		<numScan>117</numScan>
		<numExp>0</numExp>
		<utcDate>30-11:29:25.983</utcDate>
		<adcModulationPercent>100</adcModulationPercent>
		<numScan>118</numScan>
		<numExp>0</numExp>
		<utcDate>30-11:29:31.200</utcDate>
		<adcModulationPercent>100</adcModulationPercent>
		<numScan>119</numScan>
		<numExp>0</numExp>
		<utcDate>30-11:29:36.417</utcDate>
		<adcModulationPercent>100</adcModulationPercent>
		<numScan>120</numScan>
		<numExp>0</numExp>
		<utcDate>30-11:29:41.634</utcDate>
		<adcModulationPercent>100</adcModulationPercent>
		<numScan>121</numScan>
		<numExp>0</numExp>
		<utcDate>30-11:29:46.851</utcDate>
		<adcModulationPercent>100</adcModulationPercent>
		<numScan>122</numScan>
		<numExp>0</numExp>
		<utcDate>30-11:29:52.068</utcDate>
		<adcModulationPercent>100</adcModulationPercent>
		<numScan>123</numScan>
		<numExp>0</numExp>
		<utcDate>30-11:30:02.502</utcDate>
		<adcModulationPercent>100</adcModulationPercent>
		<numScan>125</numScan>
		<numExp>0</numExp>
		<utcDate>30-11:30:07.718</utcDate>
		<adcModulationPercent>100</adcModulationPercent>
		<numScan>126</numScan>
		<numExp>0</numExp>
		<utcDate>30-11:30:12.935</utcDate>
		<adcModulationPercent>100</adcModulationPercent>
		<numScan>127</numScan>
		<numExp>0</numExp>
		<utcDate>30-11:30:18.147</utcDate>
		<adcModulationPercent>100</adcModulationPercent>
		<numScan>128</numScan>
		<numExp>0</numExp>
	</adcOverflow>
</TRX>

