 <TRX channel="1">
	<summary>Suboptimal performance achieved</summary>
	<maxAdcModulation>
		<utcDate>29-13:30:34.221</utcDate>
		<adcModulationPercent>100</adcModulationPercent>
		<numScan>5</numScan>
		<numExp>0</numExp>
	</maxAdcModulation>
	<minAdcModulation>
		<utcDate>29-13:39:31.564</utcDate>
		<adcModulationPercent>47</adcModulationPercent>
		<numScan>108</numScan>
		<numExp>0</numExp>
	</minAdcModulation>
	<adcOverflow>
		<utcDate>29-13:30:34.221</utcDate>
		<adcModulationPercent>100</adcModulationPercent>
		<numScan>5</numScan>
		<numExp>0</numExp>
		<utcDate>29-13:30:49.872</utcDate>
		<adcModulationPercent>100</adcModulationPercent>
		<numScan>8</numScan>
		<numExp>0</numExp>
		<utcDate>29-13:32:13.343</utcDate>
		<adcModulationPercent>100</adcModulationPercent>
		<numScan>24</numScan>
		<numExp>0</numExp>
		<utcDate>29-13:33:36.814</utcDate>
		<adcModulationPercent>100</adcModulationPercent>
		<numScan>40</numScan>
		<numExp>0</numExp>
		<utcDate>29-13:35:00.284</utcDate>
		<adcModulationPercent>100</adcModulationPercent>
		<numScan>56</numScan>
		<numExp>0</numExp>
		<utcDate>29-13:36:23.756</utcDate>
		<adcModulationPercent>100</adcModulationPercent>
		<numScan>72</numScan>
		<numExp>0</numExp>
		<utcDate>29-13:39:10.697</utcDate>
		<adcModulationPercent>100</adcModulationPercent>
		<numScan>104</numScan>
		<numExp>0</numExp>
		<utcDate>29-13:40:34.168</utcDate>
		<adcModulationPercent>100</adcModulationPercent>
		<numScan>120</numScan>
		<numExp>0</numExp>
	</adcOverflow>
</TRX>

